lessons_completed,quiz_score,progress,time_spent,skill_level,next_lesson,recommendation
4,49,71,29,Beginner,3,Revisit Lesson 3 - The Perfume Pyramid
4,86,72,251,Advanced,5,Next: Lesson 5 - Quality Control & Finishing
1,16,28,56,Beginner,1,Revisit Lesson 1 - Introduction to Perfumery
1,62,15,169,Intermediate,2,Next: Lesson 2 - Perfume Raw Materials
4,78,88,147,Intermediate,5,Next: Lesson 5 - Quality Control & Finishing
1,0,13,283,Beginner,1,Revisit Lesson 1 - Introduction to Perfumery
2,12,43,122,Beginner,1,Revisit Lesson 1 - Introduction to Perfumery
4,41,89,103,Beginner,3,Revisit Lesson 3 - The Perfume Pyramid
3,32,51,218,Beginner,2,Revisit Lesson 2 - Perfume Raw Materials
3,91,64,273,Advanced,4,Next: Lesson 4 - Blending Techniques
5,74,100,176,Intermediate,5,Course Complete! Try another course.
2,63,30,262,Intermediate,3,Next: Lesson 3 - The Perfume Pyramid
5,16,100,82,Beginner,4,Revisit Lesson 4 - Blending Techniques
3,52,54,136,Intermediate,4,Next: Lesson 4 - Blending Techniques
3,80,69,300,Advanced,4,Next: Lesson 4 - Blending Techniques
1,69,25,20,Intermediate,2,Next: Lesson 2 - Perfume Raw Materials
0,26,-2,64,Beginner,1,Next: Lesson 1 - Introduction to Perfumery
0,42,-3,165,Beginner,1,Next: Lesson 1 - Introduction to Perfumery
5,43,100,104,Beginner,4,Revisit Lesson 4 - Blending Techniques
5,67,90,243,Intermediate,5,Course Complete! Try another course.
4,54,75,237,Intermediate,5,Next: Lesson 5 - Quality Control & Finishing
0,40,5,204,Beginner,1,Next: Lesson 1 - Introduction to Perfumery
1,90,15,140,Advanced,3,Next: Lesson 3 - The Perfume Pyramid
0,100,-5,136,Advanced,2,Next: Lesson 2 - Perfume Raw Materials
1,75,25,31,Intermediate,2,Next: Lesson 2 - Perfume Raw Materials
2,78,49,297,Intermediate,3,Next: Lesson 3 - The Perfume Pyramid
0,28,-6,245,Beginner,1,Next: Lesson 1 - Introduction to Perfumery
0,8,-7,297,Beginner,1,Next: Lesson 1 - Introduction to Perfumery
1,85,13,209,Advanced,3,Next: Lesson 3 - The Perfume Pyramid
0,48,6,180,Beginner,1,Next: Lesson 1 - Introduction to Perfumery
0,5,-2,50,Beginner,1,Next: Lesson 1 - Introduction to Perfumery
4,66,77,35,Intermediate,5,Next: Lesson 5 - Quality Control & Finishing
2,100,42,129,Advanced,4,Next: Lesson 4 - Blending Techniques
4,7,83,111,Beginner,3,Revisit Lesson 3 - The Perfume Pyramid
0,27,3,205,Beginner,1,Next: Lesson 1 - Introduction to Perfumery
0,45,2,132,Beginner,1,Next: Lesson 1 - Introduction to Perfumery
4,39,82,179,Beginner,3,Revisit Lesson 3 - The Perfume Pyramid
4,65,81,186,Intermediate,5,Next: Lesson 5 - Quality Control & Finishing
1,8,18,57,Beginner,1,Revisit Lesson 1 - Introduction to Perfumery
5,94,100,15,Advanced,5,Course Complete! Try another course.
5,82,100,238,Advanced,5,Course Complete! Try another course.
0,29,1,169,Beginner,1,Next: Lesson 1 - Introduction to Perfumery
5,11,95,264,Beginner,4,Revisit Lesson 4 - Blending Techniques
4,89,72,184,Advanced,5,Next: Lesson 5 - Quality Control & Finishing
3,79,58,162,Intermediate,4,Next: Lesson 4 - Blending Techniques
1,22,24,138,Beginner,1,Revisit Lesson 1 - Introduction to Perfumery
0,97,-9,45,Advanced,2,Next: Lesson 2 - Perfume Raw Materials
5,45,96,14,Beginner,4,Revisit Lesson 4 - Blending Techniques
0,14,-8,103,Beginner,1,Next: Lesson 1 - Introduction to Perfumery
4,20,90,28,Beginner,3,Revisit Lesson 3 - The Perfume Pyramid
2,99,48,243,Advanced,4,Next: Lesson 4 - Blending Techniques
3,48,54,131,Beginner,2,Revisit Lesson 2 - Perfume Raw Materials
4,24,78,57,Beginner,3,Revisit Lesson 3 - The Perfume Pyramid
0,4,-4,10,Beginner,1,Next: Lesson 1 - Introduction to Perfumery
4,93,79,132,Advanced,5,Next: Lesson 5 - Quality Control & Finishing
0,79,-10,252,Intermediate,1,Next: Lesson 1 - Introduction to Perfumery
1,51,28,21,Intermediate,2,Next: Lesson 2 - Perfume Raw Materials
5,32,100,287,Beginner,4,Revisit Lesson 4 - Blending Techniques
1,94,25,81,Advanced,3,Next: Lesson 3 - The Perfume Pyramid
0,53,9,298,Intermediate,1,Next: Lesson 1 - Introduction to Perfumery
5,3,94,131,Beginner,4,Revisit Lesson 4 - Blending Techniques
4,6,84,143,Beginner,3,Revisit Lesson 3 - The Perfume Pyramid
2,84,35,225,Advanced,4,Next: Lesson 4 - Blending Techniques
1,78,13,98,Intermediate,2,Next: Lesson 2 - Perfume Raw Materials
1,55,24,118,Intermediate,2,Next: Lesson 2 - Perfume Raw Materials
3,29,53,132,Beginner,2,Revisit Lesson 2 - Perfume Raw Materials
0,68,-4,208,Intermediate,1,Next: Lesson 1 - Introduction to Perfumery
2,56,44,273,Intermediate,3,Next: Lesson 3 - The Perfume Pyramid
2,39,50,33,Beginner,1,Revisit Lesson 1 - Introduction to Perfumery
5,14,100,117,Beginner,4,Revisit Lesson 4 - Blending Techniques
3,39,52,19,Beginner,2,Revisit Lesson 2 - Perfume Raw Materials
2,3,42,251,Beginner,1,Revisit Lesson 1 - Introduction to Perfumery
1,63,27,104,Intermediate,2,Next: Lesson 2 - Perfume Raw Materials
3,82,50,146,Advanced,4,Next: Lesson 4 - Blending Techniques
0,62,5,272,Intermediate,1,Next: Lesson 1 - Introduction to Perfumery
2,23,50,273,Beginner,1,Revisit Lesson 1 - Introduction to Perfumery
3,73,51,75,Intermediate,4,Next: Lesson 4 - Blending Techniques
2,72,30,146,Intermediate,3,Next: Lesson 3 - The Perfume Pyramid
3,84,70,182,Advanced,4,Next: Lesson 4 - Blending Techniques
2,55,49,250,Intermediate,3,Next: Lesson 3 - The Perfume Pyramid
5,61,100,124,Intermediate,5,Course Complete! Try another course.
0,89,2,48,Advanced,2,Next: Lesson 2 - Perfume Raw Materials
2,39,35,257,Beginner,1,Revisit Lesson 1 - Introduction to Perfumery
4,85,73,183,Advanced,5,Next: Lesson 5 - Quality Control & Finishing
1,15,18,162,Beginner,1,Revisit Lesson 1 - Introduction to Perfumery
4,36,88,216,Beginner,3,Revisit Lesson 3 - The Perfume Pyramid
1,88,10,287,Advanced,3,Next: Lesson 3 - The Perfume Pyramid
2,100,37,268,Advanced,4,Next: Lesson 4 - Blending Techniques
3,47,64,89,Beginner,2,Revisit Lesson 2 - Perfume Raw Materials
2,55,47,68,Intermediate,3,Next: Lesson 3 - The Perfume Pyramid
4,40,83,71,Beginner,3,Revisit Lesson 3 - The Perfume Pyramid
0,71,-7,133,Intermediate,1,Next: Lesson 1 - Introduction to Perfumery
2,42,35,267,Beginner,1,Revisit Lesson 1 - Introduction to Perfumery
4,46,77,246,Beginner,3,Revisit Lesson 3 - The Perfume Pyramid
0,75,4,192,Intermediate,1,Next: Lesson 1 - Introduction to Perfumery
1,40,18,95,Beginner,1,Revisit Lesson 1 - Introduction to Perfumery
2,47,40,31,Beginner,1,Revisit Lesson 1 - Introduction to Perfumery
0,4,8,273,Beginner,1,Next: Lesson 1 - Introduction to Perfumery
4,89,86,11,Advanced,5,Next: Lesson 5 - Quality Control & Finishing
5,89,95,183,Advanced,5,Course Complete! Try another course.
2,5,30,30,Beginner,1,Revisit Lesson 1 - Introduction to Perfumery
0,60,-10,11,Intermediate,1,Next: Lesson 1 - Introduction to Perfumery
3,100,57,19,Advanced,4,Next: Lesson 4 - Blending Techniques
4,100,77,15,Advanced,5,Next: Lesson 5 - Quality Control & Finishing
4,70,82,281,Intermediate,5,Next: Lesson 5 - Quality Control & Finishing
4,83,82,259,Advanced,5,Next: Lesson 5 - Quality Control & Finishing
2,12,40,113,Beginner,1,Revisit Lesson 1 - Introduction to Perfumery
4,19,80,107,Beginner,3,Revisit Lesson 3 - The Perfume Pyramid
4,8,90,246,Beginner,3,Revisit Lesson 3 - The Perfume Pyramid
0,24,2,255,Beginner,1,Next: Lesson 1 - Introduction to Perfumery
2,33,49,43,Beginner,1,Revisit Lesson 1 - Introduction to Perfumery
5,18,100,150,Beginner,4,Revisit Lesson 4 - Blending Techniques
1,50,27,25,Intermediate,2,Next: Lesson 2 - Perfume Raw Materials
5,25,92,130,Beginner,4,Revisit Lesson 4 - Blending Techniques
4,85,73,299,Advanced,5,Next: Lesson 5 - Quality Control & Finishing
2,22,32,200,Beginner,1,Revisit Lesson 1 - Introduction to Perfumery
4,53,81,22,Intermediate,5,Next: Lesson 5 - Quality Control & Finishing
2,89,33,149,Advanced,4,Next: Lesson 4 - Blending Techniques
3,35,69,183,Beginner,2,Revisit Lesson 2 - Perfume Raw Materials
5,56,100,268,Intermediate,5,Course Complete! Try another course.
2,98,48,248,Advanced,4,Next: Lesson 4 - Blending Techniques
4,40,86,272,Beginner,3,Revisit Lesson 3 - The Perfume Pyramid
3,82,59,154,Advanced,4,Next: Lesson 4 - Blending Techniques
0,69,4,55,Intermediate,1,Next: Lesson 1 - Introduction to Perfumery
4,75,88,295,Intermediate,5,Next: Lesson 5 - Quality Control & Finishing
5,74,100,297,Intermediate,5,Course Complete! Try another course.
0,38,6,167,Beginner,1,Next: Lesson 1 - Introduction to Perfumery
1,68,27,26,Intermediate,2,Next: Lesson 2 - Perfume Raw Materials
1,49,18,289,Beginner,1,Revisit Lesson 1 - Introduction to Perfumery
3,99,58,32,Advanced,4,Next: Lesson 4 - Blending Techniques
2,89,40,48,Advanced,4,Next: Lesson 4 - Blending Techniques
1,39,20,197,Beginner,1,Revisit Lesson 1 - Introduction to Perfumery
0,28,0,261,Beginner,1,Next: Lesson 1 - Introduction to Perfumery
0,91,-1,58,Advanced,2,Next: Lesson 2 - Perfume Raw Materials
0,76,5,226,Intermediate,1,Next: Lesson 1 - Introduction to Perfumery
5,97,100,98,Advanced,5,Course Complete! Try another course.
3,99,51,118,Advanced,4,Next: Lesson 4 - Blending Techniques
4,53,73,229,Intermediate,5,Next: Lesson 5 - Quality Control & Finishing
1,23,21,47,Beginner,1,Revisit Lesson 1 - Introduction to Perfumery
3,51,68,75,Intermediate,4,Next: Lesson 4 - Blending Techniques
2,68,36,66,Intermediate,3,Next: Lesson 3 - The Perfume Pyramid
4,58,81,114,Intermediate,5,Next: Lesson 5 - Quality Control & Finishing
3,84,54,170,Advanced,4,Next: Lesson 4 - Blending Techniques
0,22,0,111,Beginner,1,Next: Lesson 1 - Introduction to Perfumery
0,44,-3,29,Beginner,1,Next: Lesson 1 - Introduction to Perfumery
4,16,83,29,Beginner,3,Revisit Lesson 3 - The Perfume Pyramid
3,94,67,124,Advanced,4,Next: Lesson 4 - Blending Techniques
5,25,91,59,Beginner,4,Revisit Lesson 4 - Blending Techniques
2,51,47,287,Intermediate,3,Next: Lesson 3 - The Perfume Pyramid
5,97,95,186,Advanced,5,Course Complete! Try another course.
0,52,10,117,Intermediate,1,Next: Lesson 1 - Introduction to Perfumery
0,44,-3,290,Beginner,1,Next: Lesson 1 - Introduction to Perfumery
0,76,7,17,Intermediate,1,Next: Lesson 1 - Introduction to Perfumery
1,65,19,163,Intermediate,2,Next: Lesson 2 - Perfume Raw Materials
3,97,57,146,Advanced,4,Next: Lesson 4 - Blending Techniques
0,93,10,173,Advanced,2,Next: Lesson 2 - Perfume Raw Materials
3,11,67,30,Beginner,2,Revisit Lesson 2 - Perfume Raw Materials
0,74,1,106,Intermediate,1,Next: Lesson 1 - Introduction to Perfumery
1,7,25,97,Beginner,1,Revisit Lesson 1 - Introduction to Perfumery
1,74,18,155,Intermediate,2,Next: Lesson 2 - Perfume Raw Materials
5,18,100,250,Beginner,4,Revisit Lesson 4 - Blending Techniques
5,14,98,105,Beginner,4,Revisit Lesson 4 - Blending Techniques
1,19,17,268,Beginner,1,Revisit Lesson 1 - Introduction to Perfumery
0,31,2,215,Beginner,1,Next: Lesson 1 - Introduction to Perfumery
1,8,27,203,Beginner,1,Revisit Lesson 1 - Introduction to Perfumery
4,24,84,143,Beginner,3,Revisit Lesson 3 - The Perfume Pyramid
0,51,0,165,Intermediate,1,Next: Lesson 1 - Introduction to Perfumery
4,55,90,217,Intermediate,5,Next: Lesson 5 - Quality Control & Finishing
0,37,10,16,Beginner,1,Next: Lesson 1 - Introduction to Perfumery
2,98,31,150,Advanced,4,Next: Lesson 4 - Blending Techniques
3,83,61,232,Advanced,4,Next: Lesson 4 - Blending Techniques
1,14,18,187,Beginner,1,Revisit Lesson 1 - Introduction to Perfumery
0,34,2,129,Beginner,1,Next: Lesson 1 - Introduction to Perfumery
1,74,21,209,Intermediate,2,Next: Lesson 2 - Perfume Raw Materials
0,83,-3,231,Advanced,2,Next: Lesson 2 - Perfume Raw Materials
3,8,52,281,Beginner,2,Revisit Lesson 2 - Perfume Raw Materials
3,15,70,152,Beginner,2,Revisit Lesson 2 - Perfume Raw Materials
2,96,34,85,Advanced,4,Next: Lesson 4 - Blending Techniques
2,21,44,218,Beginner,1,Revisit Lesson 1 - Introduction to Perfumery
3,47,61,293,Beginner,2,Revisit Lesson 2 - Perfume Raw Materials
2,14,46,280,Beginner,1,Revisit Lesson 1 - Introduction to Perfumery
3,83,56,240,Advanced,4,Next: Lesson 4 - Blending Techniques
4,1,82,218,Beginner,3,Revisit Lesson 3 - The Perfume Pyramid
3,18,64,272,Beginner,2,Revisit Lesson 2 - Perfume Raw Materials
2,32,39,83,Beginner,1,Revisit Lesson 1 - Introduction to Perfumery
0,39,-3,124,Beginner,1,Next: Lesson 1 - Introduction to Perfumery
1,43,28,114,Beginner,1,Revisit Lesson 1 - Introduction to Perfumery
1,86,17,200,Advanced,3,Next: Lesson 3 - The Perfume Pyramid
0,100,-5,79,Advanced,2,Next: Lesson 2 - Perfume Raw Materials
0,63,-7,132,Intermediate,1,Next: Lesson 1 - Introduction to Perfumery
4,62,83,161,Intermediate,5,Next: Lesson 5 - Quality Control & Finishing
5,90,100,284,Advanced,5,Course Complete! Try another course.
5,28,100,99,Beginner,4,Revisit Lesson 4 - Blending Techniques
2,31,38,167,Beginner,1,Revisit Lesson 1 - Introduction to Perfumery
1,18,28,20,Beginner,1,Revisit Lesson 1 - Introduction to Perfumery
5,28,100,232,Beginner,4,Revisit Lesson 4 - Blending Techniques
1,0,26,236,Beginner,1,Revisit Lesson 1 - Introduction to Perfumery
4,9,88,154,Beginner,3,Revisit Lesson 3 - The Perfume Pyramid
3,81,66,254,Advanced,4,Next: Lesson 4 - Blending Techniques
5,82,100,78,Advanced,5,Course Complete! Try another course.
1,57,17,176,Intermediate,2,Next: Lesson 2 - Perfume Raw Materials
3,91,64,113,Advanced,4,Next: Lesson 4 - Blending Techniques
0,70,2,239,Intermediate,1,Next: Lesson 1 - Introduction to Perfumery
1,19,27,150,Beginner,1,Revisit Lesson 1 - Introduction to Perfumery
2,0,36,225,Beginner,1,Revisit Lesson 1 - Introduction to Perfumery
1,78,18,209,Intermediate,2,Next: Lesson 2 - Perfume Raw Materials
2,68,40,113,Intermediate,3,Next: Lesson 3 - The Perfume Pyramid
0,58,-2,280,Intermediate,1,Next: Lesson 1 - Introduction to Perfumery
3,26,66,280,Beginner,2,Revisit Lesson 2 - Perfume Raw Materials
5,64,91,20,Intermediate,5,Course Complete! Try another course.
3,25,63,46,Beginner,2,Revisit Lesson 2 - Perfume Raw Materials
5,62,100,123,Intermediate,5,Course Complete! Try another course.
1,14,13,289,Beginner,1,Revisit Lesson 1 - Introduction to Perfumery
1,51,13,123,Intermediate,2,Next: Lesson 2 - Perfume Raw Materials
1,87,22,83,Advanced,3,Next: Lesson 3 - The Perfume Pyramid
2,1,46,141,Beginner,1,Revisit Lesson 1 - Introduction to Perfumery
5,94,91,92,Advanced,5,Course Complete! Try another course.
3,97,65,159,Advanced,4,Next: Lesson 4 - Blending Techniques
2,13,36,126,Beginner,1,Revisit Lesson 1 - Introduction to Perfumery
2,57,48,69,Intermediate,3,Next: Lesson 3 - The Perfume Pyramid
3,55,58,19,Intermediate,4,Next: Lesson 4 - Blending Techniques
5,8,100,24,Beginner,4,Revisit Lesson 4 - Blending Techniques
1,62,14,232,Intermediate,2,Next: Lesson 2 - Perfume Raw Materials
4,15,89,114,Beginner,3,Revisit Lesson 3 - The Perfume Pyramid
5,63,91,41,Intermediate,5,Course Complete! Try another course.
0,30,-3,100,Beginner,1,Next: Lesson 1 - Introduction to Perfumery
5,89,100,279,Advanced,5,Course Complete! Try another course.
2,93,46,205,Advanced,4,Next: Lesson 4 - Blending Techniques
2,100,39,211,Advanced,4,Next: Lesson 4 - Blending Techniques
3,83,54,258,Advanced,4,Next: Lesson 4 - Blending Techniques
1,21,18,209,Beginner,1,Revisit Lesson 1 - Introduction to Perfumery
3,71,59,23,Intermediate,4,Next: Lesson 4 - Blending Techniques
1,93,17,176,Advanced,3,Next: Lesson 3 - The Perfume Pyramid
3,39,63,195,Beginner,2,Revisit Lesson 2 - Perfume Raw Materials
1,89,12,231,Advanced,3,Next: Lesson 3 - The Perfume Pyramid
3,19,53,263,Beginner,2,Revisit Lesson 2 - Perfume Raw Materials
1,34,29,59,Beginner,1,Revisit Lesson 1 - Introduction to Perfumery
5,95,90,145,Advanced,5,Course Complete! Try another course.
2,68,39,254,Intermediate,3,Next: Lesson 3 - The Perfume Pyramid
3,80,64,235,Advanced,4,Next: Lesson 4 - Blending Techniques
5,34,100,201,Beginner,4,Revisit Lesson 4 - Blending Techniques
5,92,100,42,Advanced,5,Course Complete! Try another course.
3,88,57,245,Advanced,4,Next: Lesson 4 - Blending Techniques
4,87,76,93,Advanced,5,Next: Lesson 5 - Quality Control & Finishing
4,74,81,142,Intermediate,5,Next: Lesson 5 - Quality Control & Finishing
3,69,65,219,Intermediate,4,Next: Lesson 4 - Blending Techniques
0,19,-8,164,Beginner,1,Next: Lesson 1 - Introduction to Perfumery
1,42,27,23,Beginner,1,Revisit Lesson 1 - Introduction to Perfumery
5,69,97,24,Intermediate,5,Course Complete! Try another course.
3,72,55,272,Intermediate,4,Next: Lesson 4 - Blending Techniques
4,21,75,14,Beginner,3,Revisit Lesson 3 - The Perfume Pyramid
3,26,57,94,Beginner,2,Revisit Lesson 2 - Perfume Raw Materials
4,17,70,53,Beginner,3,Revisit Lesson 3 - The Perfume Pyramid
3,47,70,146,Beginner,2,Revisit Lesson 2 - Perfume Raw Materials
3,81,56,117,Advanced,4,Next: Lesson 4 - Blending Techniques
4,3,77,205,Beginner,3,Revisit Lesson 3 - The Perfume Pyramid
4,53,86,290,Intermediate,5,Next: Lesson 5 - Quality Control & Finishing
2,83,46,139,Advanced,4,Next: Lesson 4 - Blending Techniques
1,5,20,68,Beginner,1,Revisit Lesson 1 - Introduction to Perfumery
1,54,26,105,Intermediate,2,Next: Lesson 2 - Perfume Raw Materials
0,56,9,228,Intermediate,1,Next: Lesson 1 - Introduction to Perfumery
4,11,71,27,Beginner,3,Revisit Lesson 3 - The Perfume Pyramid
5,61,100,13,Intermediate,5,Course Complete! Try another course.
1,9,23,22,Beginner,1,Revisit Lesson 1 - Introduction to Perfumery
1,74,15,299,Intermediate,2,Next: Lesson 2 - Perfume Raw Materials
1,24,13,193,Beginner,1,Revisit Lesson 1 - Introduction to Perfumery
3,5,60,18,Beginner,2,Revisit Lesson 2 - Perfume Raw Materials
1,80,27,108,Advanced,3,Next: Lesson 3 - The Perfume Pyramid
5,85,100,198,Advanced,5,Course Complete! Try another course.
1,93,12,234,Advanced,3,Next: Lesson 3 - The Perfume Pyramid
0,17,-2,148,Beginner,1,Next: Lesson 1 - Introduction to Perfumery
0,35,9,161,Beginner,1,Next: Lesson 1 - Introduction to Perfumery
2,56,32,147,Intermediate,3,Next: Lesson 3 - The Perfume Pyramid
1,94,11,97,Advanced,3,Next: Lesson 3 - The Perfume Pyramid
5,85,100,20,Advanced,5,Course Complete! Try another course.
1,71,17,110,Intermediate,2,Next: Lesson 2 - Perfume Raw Materials
4,77,74,40,Intermediate,5,Next: Lesson 5 - Quality Control & Finishing
5,15,100,165,Beginner,4,Revisit Lesson 4 - Blending Techniques
0,54,5,267,Intermediate,1,Next: Lesson 1 - Introduction to Perfumery
2,81,38,163,Advanced,4,Next: Lesson 4 - Blending Techniques
1,29,10,113,Beginner,1,Revisit Lesson 1 - Introduction to Perfumery
1,60,16,34,Intermediate,2,Next: Lesson 2 - Perfume Raw Materials
5,23,97,71,Beginner,4,Revisit Lesson 4 - Blending Techniques
4,48,74,44,Beginner,3,Revisit Lesson 3 - The Perfume Pyramid
4,32,84,82,Beginner,3,Revisit Lesson 3 - The Perfume Pyramid
5,30,97,170,Beginner,4,Revisit Lesson 4 - Blending Techniques
3,28,60,132,Beginner,2,Revisit Lesson 2 - Perfume Raw Materials
1,45,25,229,Beginner,1,Revisit Lesson 1 - Introduction to Perfumery
0,76,-5,19,Intermediate,1,Next: Lesson 1 - Introduction to Perfumery
1,11,26,139,Beginner,1,Revisit Lesson 1 - Introduction to Perfumery
0,12,-9,148,Beginner,1,Next: Lesson 1 - Introduction to Perfumery
4,5,85,28,Beginner,3,Revisit Lesson 3 - The Perfume Pyramid
3,95,55,266,Advanced,4,Next: Lesson 4 - Blending Techniques
3,4,56,91,Beginner,2,Revisit Lesson 2 - Perfume Raw Materials
1,57,24,245,Intermediate,2,Next: Lesson 2 - Perfume Raw Materials
5,37,100,262,Beginner,4,Revisit Lesson 4 - Blending Techniques
2,69,44,235,Intermediate,3,Next: Lesson 3 - The Perfume Pyramid
1,1,11,236,Beginner,1,Revisit Lesson 1 - Introduction to Perfumery
4,14,90,245,Beginner,3,Revisit Lesson 3 - The Perfume Pyramid
4,91,71,135,Advanced,5,Next: Lesson 5 - Quality Control & Finishing
4,19,86,16,Beginner,3,Revisit Lesson 3 - The Perfume Pyramid
4,37,74,215,Beginner,3,Revisit Lesson 3 - The Perfume Pyramid
0,23,7,34,Beginner,1,Next: Lesson 1 - Introduction to Perfumery
2,30,49,149,Beginner,1,Revisit Lesson 1 - Introduction to Perfumery
3,95,66,233,Advanced,4,Next: Lesson 4 - Blending Techniques
4,5,80,158,Beginner,3,Revisit Lesson 3 - The Perfume Pyramid
4,8,82,161,Beginner,3,Revisit Lesson 3 - The Perfume Pyramid
0,36,-2,50,Beginner,1,Next: Lesson 1 - Introduction to Perfumery
2,65,49,219,Intermediate,3,Next: Lesson 3 - The Perfume Pyramid
0,95,-3,48,Advanced,2,Next: Lesson 2 - Perfume Raw Materials
1,85,10,216,Advanced,3,Next: Lesson 3 - The Perfume Pyramid
5,13,100,270,Beginner,4,Revisit Lesson 4 - Blending Techniques
3,71,51,55,Intermediate,4,Next: Lesson 4 - Blending Techniques
3,10,57,50,Beginner,2,Revisit Lesson 2 - Perfume Raw Materials
5,88,100,255,Advanced,5,Course Complete! Try another course.
3,68,67,85,Intermediate,4,Next: Lesson 4 - Blending Techniques
4,57,83,91,Intermediate,5,Next: Lesson 5 - Quality Control & Finishing
3,37,61,78,Beginner,2,Revisit Lesson 2 - Perfume Raw Materials
3,90,56,156,Advanced,4,Next: Lesson 4 - Blending Techniques
3,59,59,43,Intermediate,4,Next: Lesson 4 - Blending Techniques
4,69,78,48,Intermediate,5,Next: Lesson 5 - Quality Control & Finishing
0,75,-4,282,Intermediate,1,Next: Lesson 1 - Introduction to Perfumery
1,96,10,12,Advanced,3,Next: Lesson 3 - The Perfume Pyramid
3,68,56,79,Intermediate,4,Next: Lesson 4 - Blending Techniques
3,45,51,80,Beginner,2,Revisit Lesson 2 - Perfume Raw Materials
5,36,100,235,Beginner,4,Revisit Lesson 4 - Blending Techniques
0,0,4,176,Beginner,1,Next: Lesson 1 - Introduction to Perfumery
3,20,70,103,Beginner,2,Revisit Lesson 2 - Perfume Raw Materials
5,98,100,161,Advanced,5,Course Complete! Try another course.
0,53,-6,216,Intermediate,1,Next: Lesson 1 - Introduction to Perfumery
5,88,95,230,Advanced,5,Course Complete! Try another course.
4,6,70,264,Beginner,3,Revisit Lesson 3 - The Perfume Pyramid
0,50,-8,21,Intermediate,1,Next: Lesson 1 - Introduction to Perfumery
1,20,19,122,Beginner,1,Revisit Lesson 1 - Introduction to Perfumery
1,49,10,68,Beginner,1,Revisit Lesson 1 - Introduction to Perfumery
1,94,17,76,Advanced,3,Next: Lesson 3 - The Perfume Pyramid
1,51,18,248,Intermediate,2,Next: Lesson 2 - Perfume Raw Materials
1,6,21,73,Beginner,1,Revisit Lesson 1 - Introduction to Perfumery
0,53,5,96,Intermediate,1,Next: Lesson 1 - Introduction to Perfumery
0,87,-6,289,Advanced,2,Next: Lesson 2 - Perfume Raw Materials
0,72,8,223,Intermediate,1,Next: Lesson 1 - Introduction to Perfumery
1,11,21,104,Beginner,1,Revisit Lesson 1 - Introduction to Perfumery
0,79,-7,81,Intermediate,1,Next: Lesson 1 - Introduction to Perfumery
1,84,30,261,Advanced,3,Next: Lesson 3 - The Perfume Pyramid
3,78,54,191,Intermediate,4,Next: Lesson 4 - Blending Techniques
3,13,64,155,Beginner,2,Revisit Lesson 2 - Perfume Raw Materials
0,68,2,96,Intermediate,1,Next: Lesson 1 - Introduction to Perfumery
3,97,53,211,Advanced,4,Next: Lesson 4 - Blending Techniques
4,9,81,244,Beginner,3,Revisit Lesson 3 - The Perfume Pyramid
4,28,73,291,Beginner,3,Revisit Lesson 3 - The Perfume Pyramid
0,56,-1,147,Intermediate,1,Next: Lesson 1 - Introduction to Perfumery
3,60,55,267,Intermediate,4,Next: Lesson 4 - Blending Techniques
0,55,-8,118,Intermediate,1,Next: Lesson 1 - Introduction to Perfumery
4,79,85,42,Intermediate,5,Next: Lesson 5 - Quality Control & Finishing
3,23,60,179,Beginner,2,Revisit Lesson 2 - Perfume Raw Materials
1,65,10,246,Intermediate,2,Next: Lesson 2 - Perfume Raw Materials
4,52,71,69,Intermediate,5,Next: Lesson 5 - Quality Control & Finishing
0,22,0,85,Beginner,1,Next: Lesson 1 - Introduction to Perfumery
2,90,49,124,Advanced,4,Next: Lesson 4 - Blending Techniques
2,88,34,265,Advanced,4,Next: Lesson 4 - Blending Techniques
5,100,91,216,Advanced,5,Course Complete! Try another course.
4,94,84,116,Advanced,5,Next: Lesson 5 - Quality Control & Finishing
0,25,-8,64,Beginner,1,Next: Lesson 1 - Introduction to Perfumery
1,64,26,184,Intermediate,2,Next: Lesson 2 - Perfume Raw Materials
4,99,73,38,Advanced,5,Next: Lesson 5 - Quality Control & Finishing
4,20,81,95,Beginner,3,Revisit Lesson 3 - The Perfume Pyramid
5,56,100,95,Intermediate,5,Course Complete! Try another course.
2,41,34,137,Beginner,1,Revisit Lesson 1 - Introduction to Perfumery
0,47,8,136,Beginner,1,Next: Lesson 1 - Introduction to Perfumery
1,43,23,103,Beginner,1,Revisit Lesson 1 - Introduction to Perfumery
1,54,30,226,Intermediate,2,Next: Lesson 2 - Perfume Raw Materials
0,7,2,203,Beginner,1,Next: Lesson 1 - Introduction to Perfumery
3,3,60,115,Beginner,2,Revisit Lesson 2 - Perfume Raw Materials
3,24,58,37,Beginner,2,Revisit Lesson 2 - Perfume Raw Materials
0,98,-7,24,Advanced,2,Next: Lesson 2 - Perfume Raw Materials
3,84,51,299,Advanced,4,Next: Lesson 4 - Blending Techniques
1,50,14,157,Intermediate,2,Next: Lesson 2 - Perfume Raw Materials
5,68,100,200,Intermediate,5,Course Complete! Try another course.
4,2,76,86,Beginner,3,Revisit Lesson 3 - The Perfume Pyramid
5,30,92,118,Beginner,4,Revisit Lesson 4 - Blending Techniques
2,39,41,70,Beginner,1,Revisit Lesson 1 - Introduction to Perfumery
1,17,20,139,Beginner,1,Revisit Lesson 1 - Introduction to Perfumery
1,47,30,226,Beginner,1,Revisit Lesson 1 - Introduction to Perfumery
3,20,61,34,Beginner,2,Revisit Lesson 2 - Perfume Raw Materials
2,82,30,199,Advanced,4,Next: Lesson 4 - Blending Techniques
3,67,59,263,Intermediate,4,Next: Lesson 4 - Blending Techniques
2,29,43,123,Beginner,1,Revisit Lesson 1 - Introduction to Perfumery
4,0,85,193,Beginner,3,Revisit Lesson 3 - The Perfume Pyramid
2,17,42,252,Beginner,1,Revisit Lesson 1 - Introduction to Perfumery
4,31,79,256,Beginner,3,Revisit Lesson 3 - The Perfume Pyramid
5,69,97,86,Intermediate,5,Course Complete! Try another course.
4,54,86,173,Intermediate,5,Next: Lesson 5 - Quality Control & Finishing
1,56,29,260,Intermediate,2,Next: Lesson 2 - Perfume Raw Materials
5,10,94,114,Beginner,4,Revisit Lesson 4 - Blending Techniques
0,88,-10,273,Advanced,2,Next: Lesson 2 - Perfume Raw Materials
0,59,-3,24,Intermediate,1,Next: Lesson 1 - Introduction to Perfumery
2,20,38,154,Beginner,1,Revisit Lesson 1 - Introduction to Perfumery
3,79,56,119,Intermediate,4,Next: Lesson 4 - Blending Techniques
3,57,51,209,Intermediate,4,Next: Lesson 4 - Blending Techniques
4,51,87,256,Intermediate,5,Next: Lesson 5 - Quality Control & Finishing
0,76,0,143,Intermediate,1,Next: Lesson 1 - Introduction to Perfumery
3,47,53,55,Beginner,2,Revisit Lesson 2 - Perfume Raw Materials
0,65,0,219,Intermediate,1,Next: Lesson 1 - Introduction to Perfumery
5,43,100,251,Beginner,4,Revisit Lesson 4 - Blending Techniques
3,45,66,233,Beginner,2,Revisit Lesson 2 - Perfume Raw Materials
2,28,47,28,Beginner,1,Revisit Lesson 1 - Introduction to Perfumery
5,2,100,102,Beginner,4,Revisit Lesson 4 - Blending Techniques
1,9,27,98,Beginner,1,Revisit Lesson 1 - Introduction to Perfumery
3,87,62,241,Advanced,4,Next: Lesson 4 - Blending Techniques
2,17,31,129,Beginner,1,Revisit Lesson 1 - Introduction to Perfumery
4,41,76,135,Beginner,3,Revisit Lesson 3 - The Perfume Pyramid
1,29,20,82,Beginner,1,Revisit Lesson 1 - Introduction to Perfumery
4,13,79,44,Beginner,3,Revisit Lesson 3 - The Perfume Pyramid
3,83,59,221,Advanced,4,Next: Lesson 4 - Blending Techniques
2,38,32,88,Beginner,1,Revisit Lesson 1 - Introduction to Perfumery
2,0,40,161,Beginner,1,Revisit Lesson 1 - Introduction to Perfumery
4,32,81,38,Beginner,3,Revisit Lesson 3 - The Perfume Pyramid
5,77,100,97,Intermediate,5,Course Complete! Try another course.
0,42,0,199,Beginner,1,Next: Lesson 1 - Introduction to Perfumery
0,70,1,293,Intermediate,1,Next: Lesson 1 - Introduction to Perfumery
1,18,19,191,Beginner,1,Revisit Lesson 1 - Introduction to Perfumery
5,71,100,55,Intermediate,5,Course Complete! Try another course.
0,38,6,118,Beginner,1,Next: Lesson 1 - Introduction to Perfumery
1,6,11,57,Beginner,1,Revisit Lesson 1 - Introduction to Perfumery
2,67,49,96,Intermediate,3,Next: Lesson 3 - The Perfume Pyramid
0,100,1,284,Advanced,2,Next: Lesson 2 - Perfume Raw Materials
2,59,48,241,Intermediate,3,Next: Lesson 3 - The Perfume Pyramid
2,23,31,265,Beginner,1,Revisit Lesson 1 - Introduction to Perfumery
2,21,49,300,Beginner,1,Revisit Lesson 1 - Introduction to Perfumery
5,21,100,56,Beginner,4,Revisit Lesson 4 - Blending Techniques
1,0,15,58,Beginner,1,Revisit Lesson 1 - Introduction to Perfumery
1,28,24,41,Beginner,1,Revisit Lesson 1 - Introduction to Perfumery
2,8,44,72,Beginner,1,Revisit Lesson 1 - Introduction to Perfumery
3,22,65,112,Beginner,2,Revisit Lesson 2 - Perfume Raw Materials
5,13,100,49,Beginner,4,Revisit Lesson 4 - Blending Techniques
5,50,100,137,Intermediate,5,Course Complete! Try another course.
1,0,21,15,Beginner,1,Revisit Lesson 1 - Introduction to Perfumery
2,45,50,294,Beginner,1,Revisit Lesson 1 - Introduction to Perfumery
4,82,75,238,Advanced,5,Next: Lesson 5 - Quality Control & Finishing
1,48,15,171,Beginner,1,Revisit Lesson 1 - Introduction to Perfumery
2,49,45,90,Beginner,1,Revisit Lesson 1 - Introduction to Perfumery
3,37,56,60,Beginner,2,Revisit Lesson 2 - Perfume Raw Materials
2,23,42,247,Beginner,1,Revisit Lesson 1 - Introduction to Perfumery
5,73,97,201,Intermediate,5,Course Complete! Try another course.
5,72,100,79,Intermediate,5,Course Complete! Try another course.
5,1,100,248,Beginner,4,Revisit Lesson 4 - Blending Techniques
4,87,90,172,Advanced,5,Next: Lesson 5 - Quality Control & Finishing
0,60,-6,101,Intermediate,1,Next: Lesson 1 - Introduction to Perfumery
0,87,1,300,Advanced,2,Next: Lesson 2 - Perfume Raw Materials
0,5,10,154,Beginner,1,Next: Lesson 1 - Introduction to Perfumery
1,74,19,41,Intermediate,2,Next: Lesson 2 - Perfume Raw Materials
1,25,19,191,Beginner,1,Revisit Lesson 1 - Introduction to Perfumery
1,87,30,94,Advanced,3,Next: Lesson 3 - The Perfume Pyramid
3,32,60,102,Beginner,2,Revisit Lesson 2 - Perfume Raw Materials
5,20,96,300,Beginner,4,Revisit Lesson 4 - Blending Techniques
4,84,72,70,Advanced,5,Next: Lesson 5 - Quality Control & Finishing
1,3,20,64,Beginner,1,Revisit Lesson 1 - Introduction to Perfumery
1,0,10,184,Beginner,1,Revisit Lesson 1 - Introduction to Perfumery
3,21,70,138,Beginner,2,Revisit Lesson 2 - Perfume Raw Materials
5,33,100,186,Beginner,4,Revisit Lesson 4 - Blending Techniques
4,41,74,39,Beginner,3,Revisit Lesson 3 - The Perfume Pyramid
4,81,86,184,Advanced,5,Next: Lesson 5 - Quality Control & Finishing
5,52,100,201,Intermediate,5,Course Complete! Try another course.
5,42,98,17,Beginner,4,Revisit Lesson 4 - Blending Techniques
1,74,17,211,Intermediate,2,Next: Lesson 2 - Perfume Raw Materials
5,23,100,204,Beginner,4,Revisit Lesson 4 - Blending Techniques
2,69,35,53,Intermediate,3,Next: Lesson 3 - The Perfume Pyramid
4,26,77,133,Beginner,3,Revisit Lesson 3 - The Perfume Pyramid
3,88,53,193,Advanced,4,Next: Lesson 4 - Blending Techniques
5,5,95,193,Beginner,4,Revisit Lesson 4 - Blending Techniques
1,19,16,267,Beginner,1,Revisit Lesson 1 - Introduction to Perfumery
1,22,24,67,Beginner,1,Revisit Lesson 1 - Introduction to Perfumery
2,87,46,257,Advanced,4,Next: Lesson 4 - Blending Techniques
4,42,74,46,Beginner,3,Revisit Lesson 3 - The Perfume Pyramid
3,56,65,104,Intermediate,4,Next: Lesson 4 - Blending Techniques
5,65,96,279,Intermediate,5,Course Complete! Try another course.
0,28,9,151,Beginner,1,Next: Lesson 1 - Introduction to Perfumery
0,15,7,153,Beginner,1,Next: Lesson 1 - Introduction to Perfumery
3,87,55,144,Advanced,4,Next: Lesson 4 - Blending Techniques
5,61,92,96,Intermediate,5,Course Complete! Try another course.
4,63,72,136,Intermediate,5,Next: Lesson 5 - Quality Control & Finishing
1,100,29,203,Advanced,3,Next: Lesson 3 - The Perfume Pyramid
4,70,86,238,Intermediate,5,Next: Lesson 5 - Quality Control & Finishing
4,5,82,78,Beginner,3,Revisit Lesson 3 - The Perfume Pyramid
2,9,30,178,Beginner,1,Revisit Lesson 1 - Introduction to Perfumery
4,36,89,166,Beginner,3,Revisit Lesson 3 - The Perfume Pyramid
4,13,81,15,Beginner,3,Revisit Lesson 3 - The Perfume Pyramid
4,73,82,257,Intermediate,5,Next: Lesson 5 - Quality Control & Finishing
2,58,35,31,Intermediate,3,Next: Lesson 3 - The Perfume Pyramid
1,15,19,100,Beginner,1,Revisit Lesson 1 - Introduction to Perfumery
0,51,-4,21,Intermediate,1,Next: Lesson 1 - Introduction to Perfumery
0,0,9,96,Beginner,1,Next: Lesson 1 - Introduction to Perfumery
4,53,86,31,Intermediate,5,Next: Lesson 5 - Quality Control & Finishing
1,48,17,229,Beginner,1,Revisit Lesson 1 - Introduction to Perfumery
1,75,23,29,Intermediate,2,Next: Lesson 2 - Perfume Raw Materials
3,87,58,98,Advanced,4,Next: Lesson 4 - Blending Techniques
2,19,38,70,Beginner,1,Revisit Lesson 1 - Introduction to Perfumery
5,44,100,68,Beginner,4,Revisit Lesson 4 - Blending Techniques
2,4,30,195,Beginner,1,Revisit Lesson 1 - Introduction to Perfumery
3,89,62,247,Advanced,4,Next: Lesson 4 - Blending Techniques
